Workbook

Sheet Sheet1
A3: Count of Candidate_ID | B3: Column Labels
A4: Row Labels | B4: No | C4: Yes | D4: Grand Total
A5: Company Website | B5: 44 | C5: 4 | D5: 48
A6: LinkedIn | B6: 122 | C6: 16 | D6: 138
A7: Naukri | B7: 153 | C7: 11 | D7: 164
A8: Referral | B8: 75 | C8: 2 | D8: 77
A9: Walk-in | B9: 64 | C9: 9 | D9: 73
A10: Grand Total | B10: 458 | C10: 42 | D10: 500

Sheet Candidate_Data
A1: Candidate_ID | B1: Source | C1: Job_Role | D1: Experience | E1: Location | F1: Screened | G1: Shortlisted | H1: Interviewed | I1: Selected | J1: Offer_Made | K1: Offer_Accepted | L1: Joined
A2: C001 | B2: Referral | C2: Data Analyst | D2: 2 | E2: Delhi | F2: Yes | G2: No | H2: No | I2: No | J2: No | K2: No | L2: No
A3: C002 | B3: Referral | C3: Software Engineer | D3: 0 | E3: Pune | F3: Yes | G3: Yes | H3: Yes | I3: No | J3: No | K3: No | L3: No
A4: C003 | B4: Naukri | C4: Data Analyst | D4: 5 | E4: Bengaluru | F4: Yes | G4: Yes | H4: No | I4: No | J4: No | K4: No | L4: No
A5: C004 | B5: Walk-in | C5: Data Analyst | D5: 6 | E5: Delhi | F5: Yes | G5: Yes | H5: Yes | I5: No | J5: No | K5: No | L5: No
A6: C005 | B6: Naukri | C6: Data Analyst | D6: 0 | E6: Noida | F6: No | G6: No | H6: No | I6: No | J6: No | K6: No | L6: No
A7: C006 | B7: Referral | C7: Business Analyst | D7: 5 | E7: Gurugram | F7: Yes | G7: No | H7: No | I7: No | J7: No | K7: No | L7: No
A8: C007 | B8: LinkedIn | C8: HR Executive | D8: 6 | E8: Bengaluru | F8: Yes | G8: No | H8: No | I8: No | J8: No | K8: No | L8: No
A9: C008 | B9: LinkedIn | C9: Business Analyst | D9: 0 | E9: Bengaluru | F9: Yes | G9: Yes | H9: Yes | I9: Yes | J9: Yes | K9: Yes | L9: Yes
A10: C009 | B10: LinkedIn | C10: Recruiter | D10: 1 | E10: Bengaluru | F10: Yes | G10: No | H10: No | I10: No | J10: No | K10: No | L10: No
A11: C010 | B11: Referral | C11: HR Executive | D11: 1 | E11: Pune | F11: No | G11: No | H11: No | I11: No | J11: No | K11: No | L11: No
A12: C011 | B12: Naukri | C12: Recruiter | D12: 5 | E12: Bengaluru | F12: Yes | G12: No | H12: No | I12: No | J12: No | K12: No | L12: No
A13: C012 | B13: Walk-in | C13: Business Analyst | D13: 1 | E13: Lucknow | F13: No | G13: No | H13: No | I13: No | J13: No | K13: No | L13: No
... A501: C499 | B501: Naukri | C501: Business Analyst | D501: 1 | E501: Noida | F501: No | G501: No | H501: No | I501: No | J501: No | K501: No | L501: No

Sheet Funnel_Summary

Sheet Source_Analysis
A1: Source | B1: Applicants | C1: Joined | D1: Joining_Rate_%
A2: Company Website | B2: 48 | C2: 4 | D2: 8.3
A3: LinkedIn | B3: 138 | C3: 16 | D3: 11.6
A4: Naukri | B4: 164 | C4: 11 | D4: 6.7
A5: Referral | B5: 77 | C5: 2 | D5: 2.6
A6: Walk-in | B6: 73 | C6: 9 | D6: 12.3
A8: Stage | B8: Candidates | C8: Conversion
A9: Sourced | B9: 500
A10: Screened | B10: =COUNTIF(Candidate_Data!F1:F501,"Yes") -> 380 | C10: =380/500*100 -> 76
A11: Shortlisted | B11: =COUNTIF(Candidate_Data!G1:G501,"Yes") -> 204 | C11: =204/380*100 -> 53.684211
A12: Interviewed | B12: =COUNTIF(Candidate_Data!H1:H501,"yes") -> 123 | C12: =123/204*100 -> 60.294118
A13: Selected | B13: =COUNTIF(Candidate_Data!I1:I501,"Yes") -> 59 | C13: =59/123*100 -> 47.96748
A14: Offer_Made | B14: =COUNTIF(Candidate_Data!J1:J501,"yes") -> 53 | C14: =53/59*100 -> 89.830508
A15: Offer_Accepted | B15: =COUNTIF(Candidate_Data!K1:K501,"Yes") -> 46 | C15: =46/53*100 -> 86.792453
A16: Joined | B16: =COUNTIF(Candidate_Data!L2:L501,"yes") -> 42 | C16: =42/46*100 -> 91.304348
F18: Stage | G18: Candidates | H18: Converaion rate
F19: Sourced | G19: 500
F20: Screened | G20: =COUNTIF(Candidate_Data!F18:F518,"Yes") -> 367
F21: Shortlisted | G21: =COUNTIF(Candidate_Data!G18:G518,"Yes") -> 198
F22: Interviewed | G22: =COUNTIF(Candidate_Data!H18:H518,"yes") -> 118
A23: Stage | B23: Candidates lost | F23: Selected | G23: =COUNTIF(Candidate_Data!I18:I518,"Yes") -> 57
A24: Screened | B24: =B9-B10 -> 120 | F24: Offer_Made | G24: =COUNTIF(Candidate_Data!J18:J518,"yes") -> 51
A25: Shortlisted | B25: =B10-B11 -> 176 | F25: Offer_Accepted | G25: =COUNTIF(Candidate_Data!K18:K518,"Yes") -> 45
A26: Interviewed | B26: =B11-B12 -> 81 | F26: Joined | G26: =COUNTIF(Candidate_Data!L19:L518,"yes") -> 41
A27: Selected | B27: =B12-B13 -> 64
A28: Offer_Made | B28: =B13-B14 -> 6
A29: Offer_Accepted | B29: =B14-B15 -> 7
A30: Joined | B30: =B15-B16 -> 4
